{"5jVYLsqTvcwIcP+WMdTqWA==":"_dsc7405-2000x1329.jpg","T2PZ46ZZVyeguPKJaIRqNw==":"_dsc7582-2000x3007.jpg","sthtZa7vJNBm4v4954Birg==":"_dsc7343-2000x3008.jpg","Ix78WD6E22VYdcq0ECdx2Q==":"aboutme-1400x1048.jpg","IIKxDfFe0exGYYeFjKRqPg==":"_dsc7599-2000x1329.jpg","tH+TrvoGDkNY4LJah0u/Gg==":"_dsc7911-2000x1333.jpg","7x8Atz8SSUxHwc9GzYU+Qg==":"weddinglandscape_template-2000x1250.jpg","J6GWNTczIbQP5KeoHhNBzA==":"_dsc7630_web%202-2000x3008.jpg","IO1BNkN5kzpqMo1lr1KvXA==":"_dsc9364-edit-2000x1333.jpg","qLrUieYoyc+f5wFqDmWtFA==":"_dsc7343-2000x3007.jpg","O+/bzdL+9UGG6sUU+H/e8A==":"_dsc7365_web%201-2000x3007.jpg","GDVdjZ4E8jf0Gv+6MQNBJA==":"_dsc7405_web%201-2000x1330.jpg","vTVaR5nWnxjsrN2zwSkv3A==":"_dsc7531_web-2000x3007.jpg","hSPbWzklc33OvIMunMm24w==":"_dsc7504_web-2000x1330.jpg","ZGrMp1wtkg9+PwZXm7ncQQ==":"_dsc7556_web-2000x1330.jpg","kWSqpDhtRDLnfDEfIapyxw==":"_dsc7580-2000x3008.jpg","YeGOe06YwHtWaeD51F9atQ==":"_dsc7576_web-2000x1330.jpg","KKEHbFXdVFqlby48KhdudA==":"_dsc7640_web-2000x1330.jpg","3sQpPUC6Q4u19u9lrQpYPQ==":"_dsc7599_web-2000x1330.jpg","VvyN5V0pcDVis7ar6WUOpg==":"_dsc7582_web-2000x3007.jpg","AuCIR+Iu4/C6o2JUu1Kx7g==":"_dsc7504_web-600x399.jpg","Q4VdbbJahM19beGEQe99oA==":"portrait_small%20(1)-600x400.jpg","n9Gt0gXRVJVnf9yDTcqcnQ==":"_dsc7640_web-600x399.jpg","2f7mwTTWkBzUDBcdKXh2wg==":"_dsc7954-2000x1333.jpg","hAbfZZyiGtrT50TpaaeqRA==":"_dsc7101-2000x1333.jpg","9IsCzi4Tmm6pH0SJ2Q9SRw==":"_dsc7991-2000x1333.jpg","tkJ5bewb8sbueixG4VrLLA==":"_dsc8783-2000x3008.jpg","HCAV0tFQJwqEU5A77d358w==":"_dsc8949-2000x2000.jpg","vBpBo3kfjque59yDJm7L4g==":"_dsc8900-2000x3008.jpg","6qYOjQU+a6UrijlXjH1yfg==":"_dsc7971-600x400.jpg","tvCAOLQtZiE84cwCW4lOiw==":"_dsc7991-600x400.jpg","jSqiCo+QeeVF2RGV1i7B4g==":"_dsc9364-edit-600x400.jpg","vDtqx9qv/GS6hoj8upHmTQ==":"_dsc7101-600x400.jpg","RH0FVO/yqYc8jT+iACai+A==":"dsc-2000x3000.jpg","/R3DKiXa27ZehQ+1NP+hYA==":"_dsc9467-2000x1333.jpg","MO5G21d7TMNPobf1i91mxw==":"_dsc6710-2000x1333.jpg","pduC8lWaZsG3Y5bh34QQyg==":"_dsc8880-2000x1348.jpg","jm8sjr3loPmPQEFXneze+g==":"_dsc8820-2000x1329.jpg","J6IZH/JVzWK6xRqeHZuewg==":"_dsc8884-2000x1329.jpg","Ye4xRrd/rlCJUeGKKYGM6A==":"_dsc9059-2000x3008.jpg","9ddQFghbbWaL3uuTrVyS4A==":"img-2000x1500.jpg","GHfRAsVUx9iEIaAyOeV6XA==":"_dsc8949-1-2000x2000.jpg","0tilmkuUNjyv9+2zxznlFA==":"dsc-2000x1333.jpg","Wk4oSmPRhZdZImajRihFjQ==":"_dsc7640_web-2000x1329.jpg","gsltBenhT/FOqOz6r8pkVg==":"_dsc7640_web-1400x930.jpg"}